设计名称,疏水接触,氢键接触(估),盐桥接触(估),界面残基数,综合亲和力评分,VH序列前20
samples_design_4_dldesign_3_best,7424,146,258,71,15360.5,EVQLVESGGGLVQPGGSLRL
samples_design_14_dldesign_2_best,3654,50,1331,65,8746.5,EVQLVESGGGLVQPGGSLRL
samples_design_10_dldesign_1_best,3627,138,1131,80,8632.0,EVQLVESGGGLVQPGGSLRL
samples_design_13_dldesign_2_best,3569,56,67,59,7318.5,EVQLVESGGGLVQPGGSLRL
samples_design_17_dldesign_0_best,2864,51,830,81,6675.0,EVQLVESGGGLVQPGGSLRL
samples_design_15_dldesign_0_best,2919,24,372,63,6277.5,EVQLVESGGGLVQPGGSLRL
samples_design_9_dldesign_3_best,2641,41,681,72,6060.5,EVQLVESGGGLVQPGGSLRL
samples_design_4_dldesign_1_best,2778,3,256,59,5846.0,EVQLVESGGGLVQPGGSLRL
samples_design_19_dldesign_0_best,2390,106,555,56,5522.0,EVQLVESGGGLVQPGGSLRL
samples_design_7_dldesign_3_best,2295,93,717,78,5485.5,EVQLVESGGGLVQPGGSLRL
samples_design_9_dldesign_0_best,1998,30,52,47,4116.5,EVQLVESGGGLVQPGGSLRL
samples_design_17_dldesign_2_best,1733,65,306,62,3900.5,EVQLVESGGGLVQPGGSLRL
samples_design_8_dldesign_1_best,1658,8,474,73,3838.5,EVQLVESGGGLVQPGGSLRL
samples_design_13_dldesign_3_best,1590,0,11,41,3211.5,EVQLVESGGGLVQPGGSLRL
samples_design_15_dldesign_3_best,1427,21,299,46,3207.5,EVQLVESGGGLVQPGGSLRL
samples_design_11_dldesign_1_best,810,58,1449,54,3183.0,EVQLVESGGGLVQPGGSLRL
samples_design_4_dldesign_0_best,1392,6,53,47,2869.5,EVQLVESGGGLVQPGGSLRL
samples_design_11_dldesign_0_best,1159,31,451,54,2842.5,EVQLVESGGGLVQPGGSLRL
samples_design_6_dldesign_0_best,1382,13,29,31,2828.0,EVQLVESGGGLVQPGGSLRL
samples_design_3_dldesign_2_best,900,23,717,61,2582.0,EVQLVESGGGLVQPGGSLRL
samples_design_1_dldesign_1_best,976,34,360,60,2393.0,EVQLVESGGGLVQPGGSLRL
samples_design_16_dldesign_0_best,1039,10,187,57,2308.5,EVQLVESGGGLVQPGGSLRL
samples_design_14_dldesign_3_best,644,10,852,53,2181.5,EVQLVESGGGLVQPGGSLRL
samples_design_0_dldesign_2_best,938,0,156,33,2048.5,EVQLVESGGGLVQPGGSLRL
samples_design_10_dldesign_0_best,523,38,876,63,2010.5,EVQLVESGGGLVQPGGSLRL
samples_design_12_dldesign_1_best,524,15,687,57,1786.0,EVQLVESGGGLVQPGGSLRL
samples_design_7_dldesign_0_best,617,15,483,64,1771.5,EVQLVESGGGLVQPGGSLRL
samples_design_17_dldesign_1_best,621,64,385,68,1757.0,EVQLVESGGGLVQPGGSLRL
samples_design_16_dldesign_1_best,638,7,274,44,1582.5,EVQLVESGGGLVQPGGSLRL
samples_design_19_dldesign_2_best,315,21,842,51,1529.0,EVQLVESGGGLVQPGGSLRL
samples_design_1_dldesign_0_best,636,6,178,39,1478.5,EVQLVESGGGLVQPGGSLRL
samples_design_9_dldesign_1_best,574,2,289,34,1457.0,EVQLVESGGGLVQPGGSLRL
samples_design_13_dldesign_1_best,576,3,210,39,1386.0,EVQLVESGGGLVQPGGSLRL
samples_design_2_dldesign_3_best,468,43,284,62,1315.5,EVQLVESGGGLVQPGGSLRL
samples_design_6_dldesign_1_best,520,9,192,48,1269.5,EVQLVESGGGLVQPGGSLRL
samples_design_2_dldesign_0_best,326,3,554,38,1229.5,EVQLVESGGGLVQPGGSLRL
samples_design_6_dldesign_3_best,459,16,237,46,1202.0,EVQLVESGGGLVQPGGSLRL
samples_design_15_dldesign_2_best,366,3,357,49,1118.0,EVQLVESGGGLVQPGGSLRL
samples_design_4_dldesign_2_best,450,6,178,55,1114.5,EVQLVESGGGLVQPGGSLRL
samples_design_0_dldesign_1_best,171,9,736,42,1112.5,EVQLVESGGGLVQPGGSLRL
samples_design_0_dldesign_3_best,176,13,699,48,1094.5,EVQLVESGGGLVQPGGSLRL
samples_design_7_dldesign_1_best,405,7,179,35,1017.0,EVQLVESGGGLVQPGGSLRL
samples_design_1_dldesign_3_best,289,9,290,43,903.0,EVQLVESGGGLVQPGGSLRL
samples_design_19_dldesign_1_best,334,20,180,48,902.0,EVQLVESGGGLVQPGGSLRL
samples_design_12_dldesign_2_best,158,12,529,58,892.0,EVQLVESGGGLVQPGGSLRL
samples_design_19_dldesign_3_best,279,22,259,59,879.5,EVQLVESGGGLVQPGGSLRL
samples_design_17_dldesign_3_best,379,30,37,51,865.5,EVQLVESGGGLVQPGGSLRL
samples_design_0_dldesign_0_best,258,11,294,57,855.0,EVQLVESGGGLVQPGGSLRL
samples_design_8_dldesign_3_best,32,26,719,49,846.5,EVQLVESGGGLVQPGGSLRL
samples_design_16_dldesign_2_best,140,41,446,53,814.0,EVQLVESGGGLVQPGGSLRL
samples_design_10_dldesign_2_best,354,8,65,49,809.5,EVQLVESGGGLVQPGGSLRL
samples_design_18_dldesign_3_best,315,7,8,43,670.0,EVQLVESGGGLVQPGGSLRL
samples_design_5_dldesign_1_best,225,5,167,37,643.0,EVQLVESGGGLVQPGGSLRL
samples_design_12_dldesign_3_best,139,4,328,49,636.5,EVQLVESGGGLVQPGGSLRL
samples_design_15_dldesign_1_best,291,16,0,33,622.5,EVQLVESGGGLVQPGGSLRL
samples_design_18_dldesign_0_best,74,1,390,45,562.0,EVQLVESGGGLVQPGGSLRL
samples_design_5_dldesign_3_best,180,63,30,49,509.0,EVQLVESGGGLVQPGGSLRL
samples_design_14_dldesign_0_best,135,1,179,28,464.5,EVQLVESGGGLVQPGGSLRL
samples_design_6_dldesign_2_best,145,5,120,37,436.0,EVQLVESGGGLVQPGGSLRL
samples_design_16_dldesign_3_best,73,16,226,47,419.5,EVQLVESGGGLVQPGGSLRL
samples_design_13_dldesign_0_best,121,1,143,39,406.0,EVQLVESGGGLVQPGGSLRL
samples_design_8_dldesign_2_best,45,10,268,47,396.5,EVQLVESGGGLVQPGGSLRL
samples_design_5_dldesign_2_best,70,5,184,36,349.5,EVQLVESGGGLVQPGGSLRL
samples_design_3_dldesign_1_best,129,0,26,22,295.0,EVQLVESGGGLVQPGGSLRL
samples_design_11_dldesign_3_best,34,6,150,30,242.0,EVQLVESGGGLVQPGGSLRL
samples_design_10_dldesign_3_best,96,12,10,43,241.5,EVQLVESGGGLVQPGGSLRL
samples_design_3_dldesign_3_best,40,6,114,37,221.5,EVQLVESGGGLVQPGGSLRL
samples_design_12_dldesign_0_best,25,8,123,45,207.5,EVQLVESGGGLVQPGGSLRL
samples_design_3_dldesign_0_best,30,4,102,36,186.0,EVQLVESGGGLVQPGGSLRL
samples_design_14_dldesign_1_best,76,6,0,26,174.0,EVQLVESGGGLVQPGGSLRL
samples_design_1_dldesign_2_best,28,2,79,38,157.0,EVQLVESGGGLVQPGGSLRL
samples_design_7_dldesign_2_best,40,9,28,34,138.5,EVQLVESGGGLVQPGGSLRL
samples_design_8_dldesign_0_best,58,0,1,19,126.5,EVQLVESGGGLVQPGGSLRL
samples_design_9_dldesign_2_best,2,3,95,30,118.5,EVQLVESGGGLVQPGGSLRL
samples_design_18_dldesign_2_best,9,0,72,22,101.0,EVQLVESGGGLVQPGGSLRL
samples_design_11_dldesign_2_best,0,1,67,23,80.0,EVQLVESGGGLVQPGGSLRL
samples_design_5_dldesign_0_best,13,3,34,19,74.0,EVQLVESGGGLVQPGGSLRL
samples_design_18_dldesign_1_best,19,0,6,24,56.0,EVQLVESGGGLVQPGGSLRL
samples_design_2_dldesign_1_best,0,0,21,22,32.0,EVQLVESGGGLVQPGGSLRL
samples_design_2_dldesign_2_best,0,1,0,17,10.0,EVQLVESGGGLVQPGGSLRL
